{
    "best_model": "Gradient Boosting",
    "timestamp": "2026-06-12T12:38:14.366649",
    "model_metrics": {
        "Logistic Regression": {
            "test_accuracy": 0.8115,
            "precision": 0.6027397260273972,
            "recall": 0.21621621621621623,
            "f1_score": 0.3182640144665461,
            "roc_auc": 0.7798507290032713
        },
        "Decision Tree": {
            "test_accuracy": 0.85,
            "precision": 0.6825938566552902,
            "recall": 0.4914004914004914,
            "f1_score": 0.5714285714285714,
            "roc_auc": 0.8193401413740397
        },
        "Random Forest": {
            "test_accuracy": 0.8675,
            "precision": 0.7886178861788617,
            "recall": 0.47665847665847666,
            "f1_score": 0.5941807044410413,
            "roc_auc": 0.8634705583858127
        },
        "Gradient Boosting": {
            "test_accuracy": 0.8665,
            "precision": 0.7713178294573644,
            "recall": 0.48894348894348894,
            "f1_score": 0.5984962406015037,
            "roc_auc": 0.862679320306439
        },
        "XGBoost": {
            "test_accuracy": 0.8645,
            "precision": 0.7698412698412699,
            "recall": 0.47665847665847666,
            "f1_score": 0.5887708649468892,
            "roc_auc": 0.8613636749229969
        }
    }
}